id	uncertainty_score	gpt_score
687cecd1-d839-4eb1-bf38-638cf5daa579	0.27734375	1.0
8309a492-853c-4873-ae71-08c778825e11	0.2421875	1.0
3c0bacd2-cb3a-40d2-8504-76480582e2bd	0.22265625	0.0
7759e81e-db7a-4774-8040-1150a9475786	0.265625	0.0
03292bfb-c8b7-46c0-9e32-8dadf12a5509	0.26953125	0.0
a6d2363d-c098-4b35-8a23-4c15c3bba8c0	0.23828125	0.0
0f546023-6988-4737-8fa5-8519e92969af	0.25	0.0
fee9400b-708f-454d-a6ab-f311d40824da	0.2421875	0.0
25923538-8c50-4af4-a28f-3f0a76c8ae9d	0.25390625	0.0
804ff703-e647-4c50-93ed-14de080fabc8	0.20703125	0.0
71810499-303f-4399-a5a2-dda0ddeee927	0.22265625	0.0
ca515dd6-ae98-4268-9db7-0f7d1bf6622f	0.20703125	0.0
3820bcbd-033e-4545-a8ea-a08842d4792c	0.2265625	1.0
253dc956-dbe7-43d6-ae3f-85f29a299d68	0.265625	0.0
28a92dda-cf36-47ad-8a51-bf4028b8e8cf	0.2578125	0.0
061f5358-6de5-44d0-846e-b54385a1391e	0.2421875	0.0
892aed51-6407-44ca-91d5-9446d1e90005	0.23046875	0.0
7bbf802b-6372-4bac-88d0-96be804a4ccb	0.21875	1.0
c94f7820-e54f-4ccd-a357-362138553ec2	0.25390625	0.0
2c612718-fbb6-47da-86e7-29599ca46e5d	0.23828125	0.0
2f4a5a7b-fe89-4784-824a-813753be3677	0.24609375	0.0
d92b99d8-59e2-485d-bb51-802aaf805bf3	0.234375	0.0
0f9e3c3d-6603-4e2c-a3bc-3679615a53a4	0.20703125	0.0
0ddfd0a7-cc3f-4dbe-8d91-1c99a9cea762	0.2734375	0.0
bf93a424-7ba8-4a99-839c-02d03533067c	0.23828125	0.0
c712732d-16e2-4f39-8a68-5cc82671ba6c	0.2265625	0.0
ee08abe3-08f4-44f0-957a-58827e92f9ed	0.2734375	0.0
a1558b7f-af22-457c-bb2a-263c4f798740	0.22265625	0.0
5ec406c4-fe58-4a21-b7d6-cbb972ce19fc	0.25390625	0.0
3251db13-4943-4412-bb9f-abbc40e682c6	0.26171875	0.0
56677e8f-e296-4f74-9474-082fd6d60a9f	0.265625	0.0
dd471ef1-3597-4b6e-b626-2c572e3bd191	0.22265625	1.0
036b536f-5655-40ad-ba22-2036eb5dc5fe	0.23046875	1.0
6b7303e3-88e4-4583-8590-dc0c822b75e6	0.1953125	0.0
7f8d4b54-58cc-4775-95a3-6b4888f09e09	0.25390625	1.0
f5225a9f-0531-4c61-8140-fb9ee22931e1	0.23046875	0.0
cbdb1f26-4e40-4519-b116-3d50620e5f7f	0.23046875	0.0
60beec54-8e7f-49e2-a690-8718dbd6bdc5	0.21484375	0.0
93c0a32c-3d72-4d3c-b9b0-70b229052479	0.24609375	0.0
03c390e5-0b03-410f-8f74-c334360856b5	0.0	0.0
38de57ea-75ae-4cb5-b6da-d32ae4f98bce	0.20703125	0.0
5bf11a8e-a839-4ec0-a840-146f8e664f82	0.0	0.0
37221baa-3693-4dbb-9acb-1afc2df54153	0.24609375	0.0
5b52fb31-fb9c-4b71-8706-bbb2c44fef9a	0.234375	0.0
e63cdfe6-a526-4c06-9015-7d2d90b1fad7	0.25390625	1.0
dca0da03-4bb0-4cb7-a32e-6322a8608f6f	0.23828125	0.0
99de1d84-58ad-412f-bbd9-eb83591bccb3	0.2734375	0.0
e32e089f-5ad1-4494-bb65-b0fa5c26d6b9	0.2265625	1.0
c9d602e7-490b-4a51-8fd7-8ecec449cbb0	0.2421875	0.0
37ba73af-9530-41b9-b9f8-5a06919176be	0.25	0.0
28d07394-74c1-4bb4-ae4f-2bf719950766	0.1875	0.0
534cf768-a506-4c8f-808e-f7fd042ee9fe	0.234375	0.0
8b9f95f3-9071-43c9-97d7-02cfd904611d	0.26171875	1.0
3cade8fd-5f67-48e9-bf4b-671d3783584a	0.24609375	0.0
cd0ea90e-4f9e-4560-8236-bd71c010bdb0	0.26953125	0.0
769cb26c-e971-4376-914f-ac717f4e2ca4	0.23828125	0.0
6d4ea0b5-3989-48d8-b016-9605f729ad25	0.23828125	0.0
46a94765-4d21-4107-9dd6-17a4b4daf166	0.0	0.0
227612db-4f27-4ccf-b30c-46b05a517ca3	0.26171875	1.0
49121bf6-60e2-4784-b909-f5545a009ecc	0.0	0.0
b152ea27-5234-4bda-a1c6-d248d148bb75	0.25	0.0
2f29d234-b40f-4b64-a4b2-02231aab888c	0.26171875	0.0
dd2d7414-24a1-4acb-a9bd-c78ba79e4b23	0.2578125	1.0
f9d03f1a-06b6-4648-bef8-676c44d1804d	0.24609375	1.0
e7ad1649-b235-4d6c-b860-ff6d70a55294	0.0	0.0
6e228fd0-fe73-4fa4-9162-9e9b79b60324	0.26171875	0.0
828ba075-761d-4da8-8b24-7def86d639f2	0.23828125	1.0
ffd9fd39-d2ad-44bf-b35a-bed17c4b7b23	0.234375	0.0
594c0bd7-b7fb-4a20-9c6f-694515804766	0.2421875	1.0
1db6b6f7-1ada-4a31-8504-fb68ac8f2be8	0.25	0.0
aeef4d4a-3b49-4b26-93f7-93adcc0a3cbe	0.2578125	0.0
7f69ebf1-c54e-4712-b154-4976ab57a43d	0.2734375	0.0
06cfc075-eb5c-4557-8785-b2b60d23875a	0.2890625	0.0
c19a9767-7d2a-4bd2-bede-f47780ed2d07	0.234375	0.0
76cfd29d-ae80-4894-85a0-0e555532b938	0.25390625	0.0
92a215f8-8836-4ccc-a140-fe044b560bce	0.234375	0.0
404bd214-4628-46ff-834d-0b0747523c4c	0.234375	1.0
9ebf6ecb-e10b-4c66-8a08-11e60b0fd34f	0.26953125	1.0
bd9322fa-954f-4a18-a491-70282a150ab3	0.21484375	0.0
4a279ec6-6e29-4652-b7e0-cad950def016	0.2421875	0.0
a76b5be1-0e05-4d30-9e85-038876accffc	0.23828125	0.0
717f2afe-5de8-4515-8cc8-53fc2ce7e84a	0.25390625	0.0
8c0ee009-a820-48e2-b9ba-4266d32b121b	0.25	0.0
900c3a21-a7b3-4d6b-b7d2-4b621f234327	0.25390625	0.0
3e1f3e11-f5e4-4624-bf1c-c5ac3d8675fa	0.2421875	0.0
0fa415ec-ba73-4ae5-95d7-58c0400b3bb2	0.26171875	0.0
132f522d-5cac-4c39-813c-70d2b6ffa6ee	0.25	0.0
4f8d84df-0b2c-4e4d-9a02-2977671cf3b8	0.20703125	1.0
3d5d2258-b46a-432e-9ff5-485bf513babb	0.26171875	1.0
22119a2a-2f45-45f8-9bdd-053d5eb41978	0.234375	0.0
8a3e6df6-0d5d-4e7f-a361-6b4feaa06495	0.23046875	0.0
1c613a06-f45a-426b-871b-480b8c4f4aea	0.25	1.0
7e7f2cc9-e127-469f-91bc-87f828b87dc1	0.25390625	0.0
a3fe0e8a-ebf5-451b-bff7-c2d179177850	0.2578125	1.0
a84cb109-38a7-4383-8032-911a115f26e9	0.28515625	1.0
f4e47a91-23f3-470e-9923-2c31e1d0e8a8	0.21875	0.0
58442f8a-335b-4dd8-bf82-aa78ec83542a	0.26953125	0.0
56150c54-1a54-49f9-9da4-d9b6d698c785	0.25390625	0.0
46acaca0-2889-43f9-9fa1-7fc159da6bba	0.24609375	0.0
0d8cf3ea-9206-4f8c-9518-63837389351f	0.24609375	1.0
060d0875-d6d4-4e89-b826-55a2a2269119	0.25390625	0.0
70b2ec85-f13c-48a6-a9fa-fbc185e089a8	0.234375	0.0
32141f91-b4ab-4c77-aac7-84c120c66241	0.25	0.0
54fcee57-66ff-4c25-9511-60c3852b816d	0.24609375	0.0
285838d2-5b56-43ee-8436-335048e484db	0.25	1.0
da23efcd-58f1-4af7-acfb-c12852c5d650	0.26953125	1.0
4682417c-8fe1-4147-a2aa-993e3a58ec16	0.25390625	0.0
9f54a5e4-7712-4f2a-ac7b-298233d673b6	0.26171875	0.0
ba29a20d-a2a2-4f7f-b8d5-30d7ae6b132f	0.25390625	0.0
7a7dbf1a-6f52-49e3-8437-829c9064ac83	0.23046875	0.0
e1a9364b-2875-461e-9f1f-5ca8f1716d6a	0.26171875	0.0
5c06f025-c67d-418c-8f75-fba27c2d6e0e	0.25	1.0
6f3176f2-2b74-4133-bffc-bc0f48ad2e08	0.2265625	0.0
0fc196ea-615a-4cde-a55c-dd090f9bf5ae	0.265625	0.0
1195d0f9-c4ec-4ad3-8204-518ded3f5e87	0.25	0.0
40c54b88-ac6f-463d-a70f-1b88fe859e7b	0.26171875	0.0
9237dc80-19a7-49cf-b773-95013787ea80	0.24609375	1.0
23ed9a41-8a8d-49a3-9f7f-0f2587467a34	0.27734375	0.0
ec5fced0-9cb1-4d4e-b0f8-2477471961fe	0.23046875	0.0
cbb15472-3855-40ad-acf0-81ada35f23be	0.23046875	1.0
b4eb53be-0e1f-4832-a7bc-cdd1f2469499	0.26953125	1.0
5a8bd5d6-d18d-469e-b419-21efb6b687b0	0.23828125	0.0
8605ad2b-115a-4a76-84af-2d400f464fdb	0.234375	0.0
e4fa2ba7-8c2e-4173-8fbc-6d85fd7bedf7	0.21484375	0.0
11d63251-2f7d-4f4c-a7e9-1dee5842ce96	0.25390625	0.0
e117d0ac-3b60-4337-85c1-22d6c4ea482a	0.26953125	0.0
d0476ba6-0068-4ba4-8a62-1d00812388e1	0.26171875	0.0
8559a2ca-550f-4967-a823-d179843e1d3c	0.25	0.0
759248a6-9237-4776-b69f-e8b24652489c	0.26953125	0.0
058cf9b3-0c58-406f-8e34-23c86cd8e73b	0.20703125	1.0
8d368886-3419-47c5-a3b5-07c1c88f2ac8	0.26953125	0.0
f15910f1-2c1b-45a1-8dd8-0472e04562ee	0.24609375	0.0
0dd9f53f-d7d9-43c5-847a-fff3f10f176c	0.265625	0.0
9d51b5a3-6fd0-4f10-9bfe-f8efd1239cf4	0.28125	0.0
9e97f95f-1761-4d48-9ef8-9e64f3b90a25	0.2578125	0.0
f261ed27-297b-4680-af39-28302267c65c	0.265625	0.0
2f98c003-af17-4891-aca9-989498977ff9	0.24609375	0.0
bc5ef237-b322-4014-b5fb-f51e5025b59c	0.25390625	0.0
c43db3c4-83af-4b79-96a9-cdb8901c6b92	0.28125	0.0
ca103a37-a475-4b56-ac47-ed3f43e0bd33	0.265625	0.0
e0c7c0b8-b70d-4d58-a98a-ba22d511588f	0.26953125	0.0
35a62bc9-8b1c-40e8-8024-c918dda4d869	0.26171875	1.0
b363e863-453d-4d2a-b6c9-1d93ce584c5f	0.2578125	0.0
8e0b79bb-df9f-48c3-b999-e6a9143a2a66	0.2734375	0.0
df94d0b6-63a1-45f1-9186-1c0fa5c30a0d	0.26171875	0.0
5e2c92fa-dcf2-4029-8d34-d80c5f9d1800	0.26171875	1.0
386c7c5f-ac6b-4c2f-9999-bae76fa541eb	0.2421875	0.0
f388c00e-35e6-4af1-b363-37d7dd535724	0.27734375	0.0
97f421cb-f2e9-4059-be30-f056153a1a5b	0.24609375	0.0
9dc8f548-4b92-4b65-92e4-f328baca30bc	0.25390625	0.0
a4b2c9c0-a16a-47ba-96eb-8c218c659178	0.25390625	0.0
aac7872a-fd60-4d3d-a054-cf0e998db0b1	0.23828125	0.0
fa3c8d05-d3e0-4f94-8c80-b750fa487995	0.26171875	0.0
c3542f6a-e30b-4195-9679-bdf5a8b8d28f	0.22265625	1.0
1a3bd7f9-a53b-4711-b2c8-10d0d4adf256	0.23828125	0.0
345d1225-7486-41c2-99f8-02754ff57f22	0.23828125	0.0
ac1b79c8-abaf-4b3f-8389-b65b5d9bd6f2	0.24609375	0.0
f8291531-823e-4598-9609-1b9a92700ca4	0.23828125	1.0
569e92eb-a2d6-4b4d-9cfd-959bc73065a9	0.265625	0.0
f17933a5-2975-4a36-bef8-fe102476953d	0.2578125	0.0
999f6c1e-ac62-4c81-ba20-ef254913745c	0.2421875	0.0
94fbebf6-d8c6-4e6b-92e4-d644c913163c	0.234375	0.0
a9482d12-116d-4f64-a022-6226ee12ea2f	0.25390625	0.0
72e83488-db61-40f4-887c-13164f65b97a	0.22265625	0.0
421a7134-3fa5-43dc-9abe-6481f9d08836	0.2265625	0.0
b07704be-ffd4-4d62-b144-c0b08f25da13	0.2578125	0.0
7ca3813a-1313-4a8a-94b4-02e5dd30cf72	0.265625	1.0
8da28e6d-54a6-4d72-8d39-d0598104daa3	0.25390625	0.0
8e25f157-08d9-4d93-941e-44a136dd36e3	0.23828125	1.0
cefd2155-7049-4d83-aafe-78810398947e	0.25	0.0
165b1802-b507-49c0-85c3-6dcf01a0d31f	0.21484375	1.0
3bfc0390-22e1-4af6-9d3f-88ce59dd9821	0.23828125	0.0
f6ac8624-35d5-4e69-b619-523ae33c7971	0.28125	0.0
9fdd97c5-0bc3-47ee-a009-a80a92b64574	0.25390625	0.0
6df5e763-d7b1-4cab-94d6-c52e9929c491	0.26171875	0.0
7df79fdf-cfdf-490d-9003-40d1b81700c0	0.20703125	0.0
d253fc27-09e5-4831-98ac-3bc4c5de5257	0.24609375	1.0
c69129bf-6f03-4490-8794-0df74a692579	0.2734375	0.0
afe5977f-01b0-4f5d-acea-842349f3d37b	0.25390625	0.0
cc745bc5-6a89-4e5d-9328-84e1d7b368d7	0.21484375	0.0
c73c969e-21b7-4394-8ea1-93557d572cf8	0.19921875	0.0
5c6f440f-60a9-461f-930c-faaf57c91a6f	0.26953125	0.0
23c66b74-2ae8-4c00-be08-8146b33d8d85	0.26171875	1.0
687630d4-9dba-4c42-b519-47c4d1ecb3e2	0.25	1.0
bb5216c0-c1fc-4ba5-80ba-04b563eebb57	0.23828125	0.0
91fbbe50-527c-41fb-ad15-764ded9492e9	0.25390625	1.0
14972d23-8b98-4427-864b-98a88436f482	0.26171875	1.0
878088c7-21ea-48db-a9f5-508d36a24fdb	0.26171875	0.0
655dc2b2-60c0-4e94-af31-e95256e0d784	0.2421875	0.0
bc383db7-54a2-4ede-b263-262c4c82364f	0.26953125	0.0
a236c36d-3233-4fee-9ec0-e0e20492b597	0.23828125	0.0
804989d1-1780-40f7-8bac-d9877c74a3ca	0.24609375	0.0
6911c214-c4e9-4448-a2da-1812f7705ad0	0.265625	0.0
340abc34-b915-4f92-820d-8775ff620847	0.28125	0.0
21467279-7cba-43f4-8bb3-c051a1eb246b	0.25	0.0
af116508-bb2a-4838-bc7a-c10e0715a77b	0.24609375	0.0
bfa2eae6-76a8-450f-b3c4-0cd103ece826	0.20703125	0.0
44c99ae9-2730-420e-bffe-649eef458363	0.26171875	0.0
1b226939-4b1e-46ab-9535-731c707fd007	0.25390625	1.0
b6a4358c-4eb2-4404-bd0a-612ca8bf0557	0.25390625	0.0
ade31300-19de-4760-ad8c-0e79a9731831	0.265625	0.0
e29519e6-2225-4a5e-a4c9-058b82ce1983	0.2421875	0.0
c333faaf-1a1f-44a6-9301-4e29508b5df1	0.234375	0.0
a4884b70-8cfc-4590-bd10-9782ccbe94b6	0.21875	1.0
dbcd709b-8c40-4fb9-8fd8-86ba1be0bc8f	0.25390625	0.0
c39debb2-ab85-4c13-b02c-a4a07a930b88	0.265625	0.0
f5000ffa-1f9e-44fb-8d83-30f7cb586ccd	0.21875	0.0
43319941-15a2-4fac-8ded-ff5cce9a4476	0.23046875	0.0
48ff161e-4c71-456e-9335-84521bd86a6e	0.25	0.0
928e4fe5-1d77-49f5-bf8d-10c0f2698a52	0.26953125	0.0
f492bed9-925c-49bb-885c-f216fb7175f4	0.26953125	0.0
2d984ef2-00cd-486f-8ddc-15533aeffe32	0.265625	0.0
27524a97-434b-442b-96da-d4f32b660ac5	0.25390625	0.0
3f51fe59-b2f0-4792-aceb-5ea8f2963d03	0.25	0.0
30b44b33-743c-4a77-b1de-2eba773fbb7e	0.22265625	0.0
a8dfb3b4-ff6e-42ff-98ef-89c93df7ae2b	0.2578125	1.0
5a21e1fd-08cb-432c-b5bb-d200438471ab	0.21875	0.0
55822ee6-c30c-4312-a60e-dd317d7b65ef	0.0	0.0
8432c639-0bcf-4f22-b256-250fd13db3bd	0.24609375	0.0
9d9bff46-bd52-4661-bbe8-00668af9bea0	0.25	0.0
e1295958-907f-4734-bcf7-ef1b6abe400b	0.23828125	0.0
d0997039-f42f-4b5d-a3a6-6cc1420513c2	0.2578125	0.0
c5f7415c-2ccb-4836-8882-44cd4559eabb	0.23828125	0.0
a8d38425-384a-444a-be84-f69636f7b660	0.25390625	0.0
b4c8e7d5-b06f-4f8e-b53f-c077c0f507d2	0.23046875	0.0
b29c47c5-6d18-430f-8575-798975a9e127	0.23046875	0.0
c3119ad7-be81-4b09-b829-d3bcbea85371	0.21875	0.0
713ceeaf-b5d5-4e03-890e-69d894f67ea4	0.25390625	0.0
fd93d7e6-9cdf-4334-a5be-c2ad13880d0b	0.26953125	1.0
6298a703-4e1c-4480-b324-9fe1b66d3279	0.25390625	0.0
ac5a7695-8074-48ee-bd3d-e2ac8739a51a	0.26171875	0.0
ef3477f1-9447-41a0-b65c-b76206cb01e9	0.26171875	0.0
d3186100-792a-49ec-9a54-6c4970a8505b	0.265625	0.0
39952c62-3da8-4a11-8c29-4cbb9c645623	0.2421875	0.0
e7067f4d-1e7b-4e23-8b8f-de762fd0d44f	0.26953125	0.0
4f9d8fd5-6a55-492a-94a7-92c944b25082	0.25390625	0.0
4be6683e-a8b9-41ca-af0b-5b9a38a6c37c	0.23046875	0.0
6589d6c3-4c03-4cc0-aab9-4f05119ceca8	0.24609375	0.0
24889519-a421-4b7f-b6b1-43dbd22b10f7	0.265625	1.0
a3bc322f-eb73-4302-95cd-c4a0e935c989	0.265625	0.0
fe0d0e86-496f-4271-bc02-0f8c86f665cf	0.2265625	0.0
6e8fa28a-3882-4d65-b4f6-0bc3fb90a08c	0.26953125	0.0
418b617b-e931-4175-84a9-39b174c4025e	0.2421875	0.0
4f3cd4b8-883f-4b92-902d-aebc37dec927	0.25390625	0.0
4d829990-c40c-4dc2-ad5f-233ff97ac436	0.2734375	0.0
d3e6412a-a0af-4550-85d7-9c712f5d97ed	0.25	0.0
13613ff3-6712-45eb-a4dc-ab25ea7729a3	0.265625	1.0
ecd7d0d5-659f-4db5-99b6-82ab8f9ec5ef	0.23828125	1.0
9f9e3b63-3787-4df6-adcd-0288df026bec	0.2578125	1.0
b305b10a-8325-40a6-a16a-d80b657f40e7	0.23828125	0.0
0021a41c-c1dd-45bb-9c40-db700ea8d530	0.234375	0.0
9b060e63-3fbb-4c79-9380-7cecbbd91b57	0.26953125	0.0
fbef8c2a-42a7-41a5-85f7-eeafecab7c13	0.25390625	0.0
502adffb-88aa-4618-bf8d-7c829dab374b	0.26171875	0.0
e3b5c28d-e9b8-47fe-9ca3-d663e2d94d6e	0.0	1.0
5570f15c-bf56-460a-a392-19a43fc6a3c8	0.0	0.0
4463079d-589e-4458-82df-efcbacba9037	0.2421875	0.0
6e632a11-5566-486b-bb47-bb18d52a6b03	0.2578125	0.0
a5d50223-ffea-4fb8-a4af-b2dc687e961c	0.25	0.0
671f548e-bb64-49b2-a0db-3a09e8429331	0.26953125	0.0
1e7dcf21-35da-4c4f-b481-a6cd7bded777	0.2578125	0.0
f6d720a1-2e27-4a71-99a9-f1e4700a907c	0.234375	0.0
94746a36-9cf5-4b2b-a323-5419252c98a8	0.2265625	0.0
58aab8da-395e-4686-a75b-70d3fa2b2549	0.25390625	0.0
4c6e6349-1edb-4b86-a75a-cdf93d17c2a3	0.28515625	0.0
755984a5-04f7-43f6-af8f-282ff759a1bc	0.265625	0.0
2daaff26-881a-47b4-ba0e-ff8213e868ca	0.24609375	0.0
eeb945ed-0964-4f26-b8f5-849881402801	0.26953125	1.0
37481cc0-57b1-4e74-82da-ea1c88b38555	0.28515625	1.0
fcdc3217-4493-4cab-b08a-321755c57659	0.1875	0.0
94189cf7-5252-4311-943b-3b38354ce7cc	0.25	0.0
d57dbcb8-278f-4d35-a6e1-28adf88eb8cd	0.2578125	1.0
c3350265-71b1-4f45-966d-05b0bd4db03b	0.234375	0.0
59f130cf-34bd-4d64-832d-77e0bb1ab4a9	0.0	0.0
22dfc8ef-a51f-458a-9ed5-1d948c122fdb	0.25	0.0
19b93293-77fd-49ca-b1b0-feaaa32c3281	0.24609375	0.0
c6275998-fe2f-47ac-9ddf-c7ecfe60e822	0.2578125	0.0
16e5ec32-7928-4aa8-88a4-0af505b7f2af	0.21875	1.0
f3ba6607-afac-421c-b64c-15cbe4c2e458	0.2578125	0.0
3aabeb0b-9e44-4172-a23d-e338afae67e3	0.24609375	1.0
429bbe49-f2a7-46ea-8716-936e10ff446b	0.28125	1.0
6daa2943-35d2-4020-8258-89e9b3ca653b	0.2421875	0.0
5780d616-f9ea-4e98-a994-de356b0f9c11	0.2421875	0.0
be2e1e89-1956-474f-b56c-e1bc62517baa	0.23046875	0.0
f8c2b3a1-6acc-479b-88c9-39a657807234	0.0	0.0
f87b0e56-0fa2-4cbd-adb4-4a5b3a0aee50	0.26171875	0.0
a8d50aa4-6ce4-4b64-bf67-ce7030cd4e77	0.25	0.0
24a38c5e-0d73-44bf-a77b-edadcc39356c	0.2421875	0.0
b699c266-4ab6-4b4a-a941-d901af2425e2	0.26953125	0.0
2af99e8c-8ce9-4ad4-b562-86dc0fb36998	0.2421875	0.0
91989268-fee9-4991-939b-777bba3605c2	0.25390625	0.0
0b0cd0c8-dd19-4a48-912a-c821fdee700f	0.25	0.0
4ffe0a9a-f4fa-4775-a8f4-f634574570b2	0.25	0.0
991cabca-e0a8-498e-9dc7-8fbea9287a08	0.234375	0.0
2a4cefe8-4777-43fc-b3ea-5e1834e36923	0.26953125	0.0
d0aba313-cbda-4583-8ab5-f1eec1d68115	0.27734375	0.0
386b95f0-eb49-4c42-9173-33dbf0921060	0.23828125	0.0
86abb944-6906-4232-987c-081724a39c17	0.2578125	0.0
913155b4-925e-4e0e-be34-a9efe15ac1bc	0.26171875	0.0
4d1708df-d780-4660-99d7-ccbd1af5db1d	0.25390625	0.0
e363e92f-1801-4beb-849f-2c02a66d4a04	0.21484375	0.0
1d4e1611-634a-49d6-9a43-04b07434531d	0.1953125	1.0
4a14ca1f-56b4-41dd-bfc6-cba4a87dec8e	0.2421875	1.0
9e019c5e-37db-4a24-a79c-9d397b91751b	0.25390625	0.0
ee241c2b-9707-482e-a4fe-577282eb26aa	0.0	0.0
b8f04819-1ac4-43dd-b1b0-43341411fa80	0.25	0.0
fc76890d-f1f2-4ff5-8d02-f3723efdd45a	0.0	0.0
728ce3eb-fc32-4a7d-88b1-d4a130b9b222	0.26953125	1.0
d61f9487-e538-44a8-87ef-9950267d5128	0.23828125	0.0
a6137f78-1aa8-42f3-8017-95f6e1be6578	0.26953125	0.0
8bb479e6-8c83-4536-a41d-accef6883b4f	0.26953125	0.0
f73ab93c-bd01-42ef-b49d-8117080c2500	0.25390625	0.0
c2591017-7049-476d-a901-f8ea20a5e468	0.24609375	0.0
46d9192f-c908-4248-9d5b-effef8294910	0.23828125	1.0
2797c001-9b8e-4650-8a7a-7347d027eb35	0.26171875	1.0
b7cf2fac-cb9f-4cb3-9b36-1944df783aab	0.25390625	1.0
7024afe6-940c-4383-bc4d-0ff9d64b525c	0.234375	0.0
51e2a2e4-df8e-4dfb-baef-0635c0010b01	0.26953125	0.0
3cb4e8a8-41b8-4a70-b49e-286f0f0a1134	0.2265625	0.0
6e7507c3-5e3b-4d37-88ed-2493c691fada	0.2421875	1.0
aec00670-b280-475b-a79a-3ff0579abde3	0.25390625	0.0
1ae46b87-94c7-4494-b508-40204ee7615d	0.22265625	0.0
b2aaa21f-aa27-4951-ae60-35c2a26b0501	0.26953125	0.0
d007c2c5-3fbb-4452-a2cb-e1a4068ee40b	0.25390625	0.0
de8903f6-c79d-4db9-9d3a-df28898e1564	0.19921875	0.0
9bde6efb-ba8d-41b8-87a0-67a592d556ee	0.23828125	1.0
a4f3f35f-38bf-463f-b1ba-c96bbdf7d1c5	0.26953125	0.0
497d75c1-8610-4047-86da-08b2a3b82581	0.2421875	1.0
123ff35d-05bb-4497-9c1d-f1c31a27eb4e	0.2265625	0.0
db8aa0c9-b1aa-4ce0-aa63-8d6fd4ad40b4	0.2265625	0.0
f9cf8bdf-c962-407a-8ed3-c3ccbc8e06b7	0.2734375	1.0
3acd561e-f8a3-4de6-8963-deb39113c12d	0.2265625	0.0
f84c44ce-294b-4956-89bf-79ebe8c8a039	0.234375	0.0
8958095b-e196-46ab-93a3-d4d65eac6c1d	0.21875	0.0
1841f449-ed6b-4c8d-bfdf-dcf6e65589d3	0.28125	1.0
1d2497f8-6fe1-43c5-a256-9f94186a3963	0.234375	0.0
eb6cd63c-b64a-4aae-b20c-a01514f066b7	0.0	0.0
a1fc60af-d736-4d02-a897-43ad01094774	0.0	0.0
cd2899ac-2dee-4137-a620-9d43c0486a6c	0.23828125	0.0
e3d0155d-1b17-4f85-88e9-ae55fda155ca	0.24609375	1.0
2c9adee2-d58c-45da-a7a0-3ef12b859960	0.2421875	0.0
bd6d8701-03d0-4751-9a80-c1353c778060	0.2265625	0.0
476cd72a-3a3b-4b57-93bd-3e95cb020095	0.23046875	1.0
50b511c7-1429-42bc-b84d-bdbeb000153e	0.2421875	0.0
79fc190c-1b6e-407a-ae60-9fd9fe50c7df	0.234375	0.0
e0d261dc-1423-4bb0-81ae-70f4af1e316d	0.22265625	0.0
31554379-f205-4ab9-9d3c-719eb7deeac9	0.2734375	0.0
6f81b243-9b4f-41ee-9809-f32a9bd30bcb	0.2421875	1.0
df76e118-d99d-4e83-876f-ab7a53cb76c2	0.19140625	0.0
d444e97f-894a-4428-9375-40e2f363c836	0.27734375	0.0
9d727db7-d66f-4072-b414-2d91d1ccd457	0.0	0.0
61aa74d8-5596-4262-ae61-f4a17429a96a	0.25390625	0.0
e2cf1187-64bc-4c7d-9e19-089abbacb259	0.26171875	0.0
ed785906-9adf-4b1c-9636-82afad247509	0.23046875	0.0
7bd0ca23-385e-476b-bd72-8bece5dc9a84	0.0	0.0
8956ac17-aef8-41b5-a5eb-209ef37af8f3	0.265625	0.0
9ec8f7a3-f1ae-4f14-8f4a-d4f29a434f87	0.23828125	0.0
dfab656b-df5a-4bac-9821-866b1ee711f4	0.25	0.0
8c14b692-a1be-48ba-a1ca-c9049bb563b9	0.25	0.0
d241341e-2f5f-4897-820f-69445967817e	0.23828125	0.0
ae9b07fa-0538-4eb0-ae84-cbbc72f918af	0.0	1.0
db02fbef-1115-4f35-85b0-f9ef3e8aec82	0.23046875	0.0
ee1a7064-31f2-43da-921d-3266c9fd8e17	0.24609375	1.0
7b33ce2c-2da8-40b5-ae8c-6fd187a6dd0b	0.26171875	0.0
f1f8568d-6f93-4710-acce-9ff37d8e484c	0.26171875	0.0
0be95923-7d0c-4c4e-af7b-73b47613366f	0.265625	0.0
672677a0-94b6-4067-a808-ff10fd7075e4	0.234375	0.0
7e0b0cd5-6026-4910-8429-4a6b62a29bd8	0.26953125	1.0
6457e421-edfc-4490-b110-df715f6e73b4	0.2109375	0.0
9e22e205-33ae-4d2e-b5d7-3b4a5a0f641b	0.25	0.0
f829e88a-614a-4f52-8525-11643a3ec948	0.203125	0.0
410edf9f-7d0f-4817-9745-031ffd8d8944	0.26953125	1.0
0a63c047-8244-448b-97d3-d3b5f3610830	0.21484375	0.0
c7e628d0-b701-497a-be03-6f2d9543ca8f	0.2578125	0.0
1ba08a11-9d30-47dc-805f-77125b70956b	0.234375	0.0
14a432fc-9f1e-4299-8ada-e6b16e4cd662	0.25390625	0.0
b595c929-ef63-43f2-a379-c5f0286b09dc	0.2734375	0.0
83c8285c-0cac-4eb4-ad90-1ae74b1db1b4	0.25390625	1.0
32a00152-27d6-47aa-925e-fe132a406efc	0.23046875	0.0
a3595588-8af1-4732-8a30-171a3edb3f30	0.24609375	0.0
7b95409e-231c-4786-a76a-36caca7d4fb7	0.24609375	0.0
da33192e-6ba9-4279-aea6-ded26aabc2fd	0.25	1.0
54d1e569-53c2-4c65-a9c8-ac8e4b6da341	0.2421875	0.0
313300f0-d4fe-4c7c-955a-1e76764ded93	0.265625	0.0
c0983184-2887-4b08-a0d7-f5636706afca	0.25	0.0
b12b54f6-f224-411b-95ca-68d87953286e	0.2734375	0.0
df9f78eb-004d-4671-b8a8-4e03da6880ce	0.21875	0.0
ff501bcb-087d-4eb5-b435-b47a16f5ea80	0.23828125	1.0
2efb0bc9-efaf-47d1-8983-3dc3e4bddb62	0.2578125	0.0
07c4dd25-52b1-4977-a1d3-6b97b1572dd5	0.26953125	0.0
bbb8ad98-4a18-41fd-9521-40059273d716	0.234375	0.0
f57b9082-a2de-47fd-90b0-1b203c6b1d62	0.25	0.0
c7aa4db4-e25c-484c-b0e5-bca6073de71c	0.203125	0.0
5fd4a6c0-4f1f-4082-93d9-79bcc09a10d0	0.26171875	0.0
b9ae1d6a-e7c4-4378-b010-84c95d15fc2a	0.2578125	0.0
04de2387-78cd-4031-8bfb-00d1e834ad17	0.25	0.0
18d4f95a-9b28-478d-9705-c20ad4326c45	0.2421875	0.0
2706c97b-2980-4032-9c34-8d881f99ac3d	0.2265625	0.0
302d5282-b86a-47f8-97b6-536c8cf79fcb	0.0	1.0
c5efced1-9110-464d-99c5-2d10a476814d	0.25	1.0
cd0cc4cd-34e9-4daa-a189-25e4840f0fe2	0.2578125	0.0
0c95f703-80b3-4ede-8ff1-38ef300b80b6	0.2265625	0.0
28e07f4b-c778-4398-8629-49a81db80a14	0.24609375	0.0
37e292e3-7992-4bd9-92fc-f5367e23071f	0.24609375	0.0
bb8e045a-ad09-49fe-b9e4-8ba5549868cc	0.0	0.0
df9e49ad-be76-43d5-8642-99f3e6ad389b	0.26953125	1.0
820c18bc-10be-4456-abe7-85dbb4dfe885	0.22265625	0.0
52b1d564-aa93-4894-8733-c35f3763bf8c	0.24609375	0.0
248e2f17-508d-46d7-8fcf-3113c861c2f7	0.24609375	0.0
80622080-4971-439e-b403-bf2b551da03c	0.265625	0.0
817a57ca-e29a-4d05-a584-107218d23d84	0.20703125	1.0
99088548-83de-4843-bde8-64a72c17cbdb	0.265625	0.0
d403a654-b3b0-48c9-b2c7-f3b837086f72	0.203125	0.0
cc6f66e3-3532-44a1-8d5f-3c1c06dd6039	0.23828125	1.0
9f98a079-2a03-4a36-bd45-505ff85d8ba6	0.28125	1.0
362d04e7-abc4-4959-a927-a7479168c59d	0.265625	0.0
b302f107-6149-4720-ba3a-4ab41faacea0	0.22265625	0.0
f2b2d271-3168-4582-946a-e4a198292409	0.25390625	1.0
41c37d2b-f009-41e1-aaa2-50f76d5b877a	0.26171875	0.0
6e2914a4-f4e7-48f0-b146-60c1e165c706	0.25390625	0.0
41f6ac6d-c6dd-4366-80a5-ccee021b4979	0.234375	0.0
8cb6ddd5-74b8-49e1-bbdb-4f73b7ac81d1	0.265625	0.0
6269fe31-3619-44c8-8e04-d8e28f285198	0.26171875	1.0
5711ca53-28ca-4d36-8d3a-7c6b0b0474b1	0.27734375	0.0
845aed1a-1c91-46fb-9bee-b11ab3c89b81	0.265625	0.0
78c307f8-b2d5-4f90-b409-4ace509e6912	0.0	0.0
25a5acfc-baff-476d-9ed9-a5d4addf78c3	0.22265625	1.0
00401ba4-a6da-4a46-86ba-369557a756b9	0.24609375	1.0
d81fcd72-7f6a-4bd7-a993-90b3932ede1e	0.26171875	1.0
deae940a-a3a7-4f1e-99d7-f4bde2085c9c	0.26953125	0.0
94c82efd-e8bf-4486-b690-53b04ed9aad9	0.2578125	0.0
a6ec194b-e735-4bb8-8bb3-7197e07170cf	0.27734375	0.0
e3e741ee-d6d2-4c28-9fbb-6bbff3aea4c7	0.2578125	0.0
bfc9a635-abab-4e1f-b422-71a776408e66	0.26953125	0.0
162a5819-a16a-4835-8739-6e7c3a5b4041	0.23828125	0.0
857bb7ea-cca8-4c9a-8685-c7a82dd20d5b	0.265625	1.0
a2946645-9cd5-422f-8fef-c09d13906c93	0.25390625	1.0
dc3635fd-5d91-4a51-946b-1c68a3207d0d	0.20703125	0.0
6c592731-fe3b-46b0-802f-b0570820828b	0.265625	1.0
e0b2ee95-d04c-4b9d-b1eb-6958c7c78079	0.22265625	0.0
26cffbaa-5230-49a8-b980-5b25306e665b	0.24609375	0.0
40eda64d-7f0f-4ae3-84c5-97d11791354d	0.24609375	0.0
3619b7d4-67a4-4ed8-944a-1b0b85ed106f	0.2734375	0.0
7cea72d3-a8ef-40bf-b61f-97bd6fc63626	0.26171875	0.0
8dab7a6d-13e5-4081-884e-eced5b4cf615	0.24609375	0.0
b797333f-1149-42d5-bfe2-6870099cb425	0.2734375	0.0
6d7078e8-a45e-4805-9de0-a561b9ad2112	0.25390625	0.0
d2449c30-6993-41f2-997c-c21c8a2d77c9	0.24609375	1.0
2cdb830e-b067-49b8-8ba3-8680c3766f43	0.23828125	0.0
83c13cef-6fb0-48cf-90fa-5f87da13c9fe	0.25390625	0.0
b488d2ea-a917-445f-bf4f-8358d0fa5752	0.2421875	0.0
be090245-267c-45b1-ba84-362fbdf6b682	0.234375	0.0
a9cbe469-92cb-43b9-a8c9-dbcaf686150f	0.24609375	1.0
fdb49ece-7f9e-4afc-bd3c-f74ee9cf5621	0.22265625	0.0
05a10b9f-66ad-44b1-846d-148fa7e94a94	0.27734375	0.0
931c7329-60fc-43e0-8552-559646e51c6f	0.2421875	0.0
0a33f53f-719b-48a4-8b76-5e0f78c528ff	0.23828125	1.0
3f2569ed-30e7-4a52-97dc-2f51e4d0f266	0.25390625	1.0
546a00a6-c85e-4e35-8d64-43b232dc7372	0.0	0.0
8981139e-dd4e-4f0d-b892-8804ecc6b1c4	0.26171875	0.0
8f6c8389-fb36-4528-b522-8099308f162c	0.25390625	0.0
9daf023f-f5c0-47b5-a841-e6d864b1fb6b	0.26171875	0.0
967cbffa-b00c-425a-a869-0b797bdf19f6	0.23828125	1.0
8692c7ef-ece2-4ade-ad53-dcd775e2129e	0.2421875	0.0
5a5d4f6c-2648-4c55-8e71-61256a952362	0.2578125	0.0
ff69b917-630a-4c81-a0a7-d948c3301e7f	0.26953125	0.0
0209f4a7-dd09-4d47-8106-09fff97004d5	0.25390625	0.0
44850371-5d7d-4482-9c0c-43c8b104bdf7	0.25	0.0
eda47d0d-50c8-4a57-9b9c-818527e842a1	0.2734375	0.0
4e9ae621-1de6-457e-813c-6b79e050ceb6	0.265625	0.0
be9967f2-ff16-4c7e-b698-9c5f47f2f5c4	0.23046875	0.0
32dd7947-c063-4b5c-81af-565238523a8f	0.2421875	0.0
23115839-40c5-405d-915c-382abd604245	0.0	0.0
64042fce-0c34-47f2-99dc-4960ef3c2c73	0.2578125	1.0
3b6cc0c9-2770-4301-b6bd-797f0784decf	0.265625	1.0
e7779d7f-1d40-418e-be6b-4bec53052b8a	0.24609375	0.0
e7263304-634b-4e46-b448-09971ee14c08	0.2265625	1.0
919c46e0-7847-4d01-b295-bda285fbcc8e	0.0	1.0
480b8a03-134d-48f5-86a9-5ac6884dbc80	0.23828125	0.0
6c5621db-6f58-44d3-b844-a0bb955befd0	0.23828125	0.0
d0cefe60-4996-4200-80ad-fd6fd59414fd	0.1953125	0.0
6e425444-6ffb-4a56-8fad-2342ecc1d803	0.22265625	0.0
bd291680-0a3d-4464-99b9-e1048f01b35b	0.25	1.0
56d15488-767f-474f-b5be-211126f9187f	0.25	0.0
678d137f-240f-49a8-ad30-4655939dbf72	0.2265625	0.0
15acd720-25f5-433e-b65c-999496c3517a	0.25	0.0
12525ce2-eb32-46fa-ad39-af3a352a668c	0.26953125	0.0
a0bd4abe-d5a7-4e0b-9a76-09852ac4dd38	0.2734375	1.0
81ede083-b3a3-4cdb-bb58-05976f3b04f5	0.1875	0.0
a5ce091e-699f-4ffa-827c-80cf18aefe50	0.265625	1.0
1c2578dd-6f25-4d94-838c-30ad86f9c226	0.24609375	0.0
0aa3714d-fb18-4797-a722-f673ffe1cee1	0.26953125	0.0
ea6a8cb3-f336-461c-a1f7-98d8735e686d	0.23828125	0.0
488d292b-8612-49f7-83a7-68b4efff64ef	0.25	0.0
58893694-5d19-4f8f-bc1f-c924b670b30f	0.24609375	1.0
e0967c91-77aa-4c6a-8dcb-197d6718174e	0.24609375	0.0
c0a60302-148c-4307-8df8-84db9995677a	0.265625	0.0
588af614-7c33-4208-b596-98e5080dd93c	0.25390625	0.0
d75e3bdd-bda3-4642-b114-c1252d153169	0.265625	0.0
35c56df7-29f7-495f-b0c4-8ee108c2fe7a	0.2578125	0.0
681d803c-ddc5-4c4d-9436-f9dd7e15900a	0.26953125	0.0
15122bed-f918-4994-98df-bf4b22b1b4e1	0.26953125	0.0
61ac6454-1a11-47e4-af0e-5a659f15ff4a	0.0	0.0
05e5e440-fda2-48f7-b5f6-693e29194beb	0.25	0.0
26351ceb-e42c-4c18-9851-a79299886ebf	0.265625	0.0
6669f252-0229-4ce5-8913-8879dd93d37b	0.26171875	0.0
7f3b4c5b-9392-4753-807c-9862e5ba6ace	0.25390625	0.0
cfaa0bff-3afa-463f-856b-f7ef8015784b	0.2265625	0.0
87276bdf-9c86-4f36-bb3d-21c42f49d71d	0.26953125	0.0
4f89e860-57c6-4c5c-a1f6-3d2011870dc0	0.23046875	0.0
3db68c7f-707d-4050-aa7c-c84ba289b862	0.23828125	0.0
3fcd526d-7f15-494d-a4e0-0b81c82343df	0.23828125	1.0
84f5acc3-5e94-4e03-9707-fc25fda9ebbc	0.25390625	1.0
6847b040-68b9-4e6f-8b38-f5935adc1385	0.2265625	0.0
6c1f92a8-160b-4f58-929a-f0c0cd01975b	0.21484375	0.0
e87e1ea3-e043-4de5-9672-565b3bf31322	0.234375	0.0
5d3805c3-88f7-4541-91e9-836a45d932e6	0.25	1.0
4a822e5e-ac3f-4392-bf88-9e3184fd4ad2	0.21875	0.0
1f6bbe3b-c1f4-4999-8730-01d5c48cbc96	0.26171875	1.0
23dec3b8-9673-4b09-8ca2-1a95b815fc37	0.0	0.0
5900b151-0eeb-4d96-9937-d3d5ea6ac932	0.2578125	0.0
c8fbae7d-d6c6-4cb9-97f5-b6582e353611	0.27734375	0.0
4bcfc1d1-18ec-4dd8-8e6f-6cee00a46101	0.26171875	0.0
ad4a68cb-ae31-49e3-9003-ca64cb4dc51b	0.265625	0.0
1bcbcb47-8894-4866-9ad6-687f01a0cab7	0.26171875	1.0
74fe1482-2c85-48c7-8e0b-c6e4322c9d71	0.25390625	0.0
eb8f3fe2-6003-4cdc-a868-8017d7d41b03	0.26953125	1.0
dbec8db9-f245-466b-8518-1798ad8123f4	0.24609375	0.0
47ad97f4-9354-4d8d-86a5-5682598def8c	0.234375	0.0
3ae59028-c4e1-4398-becc-d36525e7ab32	0.26953125	0.0
8ba20a47-cfc1-40f3-ab18-4f9711a67448	0.24609375	0.0
a132c523-dd3c-43d3-a136-915c85d3f9d7	0.23046875	0.0
36f15f38-714f-47fe-8278-222dfa603c1b	0.2421875	0.0
09cda627-12ad-44f1-9ad2-d8371bc64aa7	0.27734375	0.0
bfe7c19e-8688-4b5b-8e96-40b8a989841e	0.23046875	0.0
7a2add9b-f081-403c-aa8e-93a4542f59f5	0.2421875	0.0
f5483c53-4049-481f-9f51-1f256233fac4	0.26171875	0.0
fde83c29-86d9-4720-83b4-67ce5bfd9b52	0.0	0.0
26f78c1c-c6d9-4078-a064-e2023c6e5f16	0.26953125	1.0
bff26876-f2d0-4614-9b09-453b09a84966	0.2578125	0.0
05bbd865-740e-4051-8ecd-a0f97fe87897	0.25390625	0.0
2980a627-5f3a-4aab-aa1d-7a2ed59bbcbb	0.22265625	0.0
84747cea-cce1-444a-bdf3-c68cdc3ad591	0.21875	0.0
022de9e3-21a3-46fa-8824-6d1db74836f5	0.2265625	0.0
eb0faf6e-a03c-499b-91ef-4c76ff1e8f72	0.2421875	0.0
7a67b44f-8886-4c5e-a53e-ccd59cab345c	0.26953125	0.0
57b4f4cf-327d-48ee-a01c-81618d2e3bf8	0.24609375	1.0
76b006a4-f118-4eed-adc7-93906983099c	0.0	0.0
b328be7f-85ba-4b36-9ad9-b5f2a080dc0b	0.26953125	0.0
989a5a6f-47f4-4107-9188-6e65ace5fcb4	0.265625	0.0
e11c05cd-524a-45e0-9612-5a9241925889	0.24609375	0.0
ed0e0782-1a0e-46de-b922-187b48a184c5	0.25	0.0
a878926b-26f2-4abd-a3d7-bbd003f6be8a	0.2578125	0.0
3d4ff5b8-81e3-4693-948b-7927666aff39	0.21484375	0.0
ca517153-08eb-499e-8223-6ffb12613df4	0.24609375	0.0
2ff68022-a48f-4582-9bb2-1fddb3e5501d	0.28515625	0.0
14e9557a-81d4-413e-a572-0290fefd2360	0.265625	0.0
7c9ebbec-f8df-4eda-bf46-22d752f9a8ab	0.26171875	1.0
04488e8e-50b9-496e-8147-550823c4853b	0.23828125	0.0
48240937-8e74-4e0d-b7b5-46ea4f1f5574	0.24609375	0.0
cd20cdfd-93cd-45ea-890c-2005b6e7cd1e	0.2578125	0.0
f4e7a429-02f0-40d6-9a71-65592ddf4fb1	0.2578125	1.0
8addbc55-7ed0-43cf-aadd-b00e8f9c6df3	0.24609375	0.0
fafeafdf-3e41-4646-86e3-dbcd62242ee8	0.265625	1.0
d7d4e0f9-3358-4845-a00f-563c6b5736ab	0.0	0.0
76bd863e-3cb0-43dd-9ee7-3005aab905da	0.22265625	0.0
3e4a1e62-8c22-47e9-961c-246284f687a6	0.2734375	1.0
20310197-d8df-4788-9d85-3853dac4362c	0.26953125	0.0
d130bd2b-f065-44bf-ad43-f3c30c772293	0.0	0.0
9ffce0b4-3237-43a0-a4f1-55712bc90059	0.234375	0.0
ae09e3f3-78a0-4fe8-ad5a-bf57270c4f35	0.23828125	0.0
aee05dcc-d549-4c10-83dc-94f69e39abe2	0.25	0.0
d648a2d9-9ac5-4999-9050-af9dec4f7668	0.265625	0.0
055abac5-542b-4947-8620-a34e4b181251	0.2734375	1.0
b56d3368-1df4-4ee5-9804-5fe2073b2393	0.2265625	0.0
a6cc6ea8-e9f0-404b-a8ab-a0cc67d63897	0.2421875	0.0
2aff1964-f675-4727-a9a4-423a74d76e9d	0.265625	1.0
a712780c-e846-4d75-a23e-8b89b9fa03a9	0.25390625	0.0
30b60a6e-a2ad-4b99-9453-f5a6fd70ce8c	0.265625	0.0
ed3bf1c1-7188-4575-a3a7-0637555e288f	0.2421875	0.0
57409f01-ff93-4a92-9f0b-78a908093418	0.27734375	0.0
3a776fdb-bccf-4518-899d-a386031bd15d	0.23046875	0.0
a9cd0ff4-2c2d-4052-959a-585f0ab25524	0.24609375	0.0
1ae4a3ad-39d0-41c1-9210-baa42da38374	0.2265625	0.0
fb76b222-0126-4050-93c0-4b76dee36244	0.0	0.0
ab7eb40e-0ba7-47b5-aa6b-ea2115d7743e	0.2578125	0.0
4cd9c94b-eef9-438c-971d-0be948087bd5	0.25390625	0.0
a7f1928d-cd6c-4281-a721-e28acc0658e4	0.2578125	0.0
a22c8bc3-6e0f-4953-9e96-f5343c8de9f9	0.25	0.0
ed3547ef-4e06-4b80-b117-d513c2f70017	0.1953125	0.0
b40df291-ed73-42ee-a770-2bf88acc8bff	0.203125	0.0
526dbf8e-6886-4748-ac72-833f0fee5655	0.19140625	0.0
fb70742c-be21-4665-9383-e1f98dae15f6	0.25390625	0.0
f94e9f23-5fd6-4aeb-8a10-31a12cc18bdc	0.26171875	1.0
2e1f7671-c775-4330-a9f8-e1ac05d30a51	0.2421875	0.0
3688297a-62fb-421a-abb2-3681280c5830	0.23828125	0.0
c79f2568-ed59-44a0-a8b1-852b5c12b9c3	0.22265625	0.0
ece46948-6130-47f4-9563-49e94dcf3df1	0.2421875	0.0
d293e2cd-ea1b-4f17-ae52-a2bbfb74d0d5	0.25390625	0.0
569a3617-a7cf-477a-8aa3-f64372443d40	0.2578125	0.0
